user_file,mean_error,std_error,bpm_diff,onset_count_diff,duration,score
100_A_ElpUkeSolo_08_165_SP.wav,0,0,0,0,9.6,100
100_A_ElpUkeSolo_08_165_SP_user_fast.wav,0.11803476946334082,0.054172983038316226,3.975360577,-4,9.142857142857142,85
100_A_ElpUkeSolo_08_165_SP_user_slow.wav,0.3872489210738058,0.2840723361066474,-3.680889423,-2,10.105260770975057,70
100_A_SoulChords_02_6_SP.wav,0,0,0,0,19.2,100
100_A_SoulChords_02_6_SP_user_fast.wav,0.5240178954464668,0.4355626896948111,15.999903250773968,1,18.285714285714285,85
100_A_SoulChords_02_6_SP_user_slow.wav,0.4788331188331189,0.38679067760992514,0,0,20.210521541950115,70
100_Cmj7_Jzz_Mldy_02_164_SP.wav,0,0,0,0,19.2,100
100_Cmj7_Jzz_Mldy_02_164_SP_user_fast.wav,0.3682603333731153,0.1151128938104585,3.975360577,-4,18.285714285714285,85
100_Cmj7_Jzz_Mldy_02_164_SP_user_slow.wav,0.6507697815968494,0.4850756833790495,-3.680889423,-4,20.210521541950115,70
100_D#_Nylon_Jazz_05_164_SP.wav,0,0,0,0,9.6,100
100_D#_Nylon_Jazz_05_164_SP_user_fast.wav,0.28567580567580564,0.1821613008578121,3.975360577,-5,9.142857142857142,85
100_D#_Nylon_Jazz_05_164_SP_user_slow.wav,1.0128704355305342,0.8716187735768465,-3.680889423,-9,10.105260770975057,70
100_F_ContraryMotionGuitar_01_526.wav,0,0,0,0,4.8,100
100_F_ContraryMotionGuitar_01_526_user_fast.wav,0.29869305297876725,0.28216135944345516,8.282001202,-5,4.571428571428571,85
100_F_ContraryMotionGuitar_01_526_user_slow.wav,0.49165730060139995,0.3977064177689015,-3.680889423,-4,5.052653061,70
110_Dm_AcstcGtr_10_103_SP.wav,0,0,0,0,4.363673469387755,100
110_Dm_AcstcGtr_10_103_SP_user_fast.wav,0.19040362811791392,0.2515483179226425,5.1066884881422965,-2,4.1558730158730155,85
110_Dm_AcstcGtr_10_103_SP_user_slow.wav,0.077399849,0.069874533,-4.681131114,0,4.593333333333334,70
110_E_BluesGrooveGuitar_02_526.wav,0,0,0,0,2.181814058956916,100
110_E_BluesGrooveGuitar_02_526_user_fast.wav,0.1160997732426304,0.11656324723413515,9.787819602272734,-2,2.0779138321995463,85
110_E_BluesGrooveGuitar_02_526_user_slow.wav,0.20665759637188205,0.24006558510705212,-4.306640625,-2,2.2966439909297054,70
110_F#m_SoulChords_02_6_SP.wav,0,0,0,0,17.454557823129253,100
110_F#m_SoulChords_02_6_SP_user_fast.wav,0.6593446462834217,0.4322435664016898,44.33306525735293,-12,16.623401360544218,85
110_F#m_SoulChords_02_6_SP_user_slow.wav,0.5860164791989403,0.38898560107393293,28.33316200657896,-2,18.373197278911565,70
115_Gm_TapeDisco_SP_128_02.wav,0,0,0,0,8.347845804988662,100
115_Gm_TapeDisco_SP_128_02_user_fast.wav,0.1803596477350631,0.089838039,5.593039772727266,-2,7.950340136054422,85
115_Gm_TapeDisco_SP_128_02_user_slow.wav,0.8224752357083185,0.39698408797448953,-9.787819602,-7,8.787210884353742,70
120_A_HammerGuitar_06_526.wav,0,0,0,0,2,100
120_A_HammerGuitar_06_526_user_fast.wav,0,0,0,-1,1.9047619047619047,85
120_A_HammerGuitar_06_526_user_slow.wav,0,0,0,-1,2.1052607709750566,70
130_Gm_Pad_SP_240_02.wav,0,0,0,0,7.384625850340136,100
130_Gm_Pad_SP_240_02_user_fast.wav,0.22018922511533348,0.19840268940502936,6.799958881578959,-4,7.032970522,85
130_Gm_Pad_SP_240_02_user_slow.wav,0.3297233560090703,0.32987594012407406,-6.15234375,-3,7.7732879818594105,70
140_F#m_RsmpldGt_SP_47_01.wav,0,0,0,0,3.4285714285714284,100
140_F#m_RsmpldGt_SP_47_01_user_fast.wav,0.083318661,0.076416055,15.999903250773968,-3,3.2653061224489797,85
140_F#m_RsmpldGt_SP_47_01_user_slow.wav,0.1980525543550754,0.18916324138528376,0,-3,3.609024943310658,70
140_Gm_Mandoheart_SP_197_01.wav,0,0,0,0,6.857142857142857,100
140_Gm_Mandoheart_SP_197_01_user_fast.wav,0.2909750566893423,0.2859794759651102,8.444393382352928,-6,6.530612244897959,85
140_Gm_Mandoheart_SP_197_01_user_slow.wav,0.31733938,0.2800869432149291,-7.555509868,-2,7.218049886621316,70
64_Gm_60Guitar_SP_84_01.wav,0,0,0,0,15,100
64_Gm_60Guitar_SP_84_01_user_fast.wav,0.6844838805087253,0.18473076434686195,4.306640625,0,14.285714285714286,85
64_Gm_60Guitar_SP_84_01_user_slow.wav,0.36142364192053633,0.2112473398283298,-7.65625,0,15.789478458049887,70
77_F_ShortGuitar_SP_84_01.wav,0,0,0,0,1.5517460317460317,100
77_F_ShortGuitar_SP_84_01_user_fast.wav,0.083591837,0.08512576,7.098858173,-2,1.4778684807256235,85
77_F_ShortGuitar_SP_84_01_user_slow.wav,0.019902818270165202,0.014834684865304714,15.38085938,0,1.6334240362811792,70
80_C_SoulLicks_05_6_SP.wav,0,0,0,0,12,100
80_C_SoulLicks_05_6_SP_user_fast.wav,0.6222947845804989,0.39634769002072223,3.182246767241381,-2,11.428571428571429,85
80_C_SoulLicks_05_6_SP_user_slow.wav,0.9425850340136055,0.4979739536612304,-2.970096983,0,12.63156462585034,70
80_Em_SoulChords_01_6_SP.wav,0,0,0,0,24,100
80_Em_SoulChords_01_6_SP_user_fast.wav,1.3853112565781032,0.8994513804743891,5.1066884881422965,-9,22.857142857142858,85
80_Em_SoulChords_01_6_SP_user_slow.wav,2.409411764705882,1.5614759023257256,-4.681131114,-11,25.263174603174605,70
80_Fm_SoulLicks_03_6_SP.wav,0,0,0,0,12,100
80_Fm_SoulLicks_03_6_SP_user_fast.wav,0.3304378161521018,0.3667049770045588,-78.14468876,-6,11.428571428571429,85
80_Fm_SoulLicks_03_6_SP_user_slow.wav,0.8252014652014651,0.6796186710055848,-17.94433594,-6,12.63156462585034,70
90_Dm_SoulChordsArp_01_6_SP.wav,0,0,0,0,21.333333333333332,100
90_Dm_SoulChordsArp_01_6_SP_user_fast.wav,0.9346574268336618,0.45134809191140746,6.15234375,-19,20.317460317460316,85
90_Dm_SoulChordsArp_01_6_SP_user_slow.wav,2.195457363373484,1.0129720947723164,-10.69972826,-17,22.456145124716553,70
93_Dm_ArpChrdNylonGtr_06_714.wav,0,0,0,0,10.322585034013606,100
93_Dm_ArpChrdNylonGtr_06_714_user_fast.wav,0.15590540978296077,0.11934778260528782,8.444393382352928,-1,9.831020408163266,85
93_Dm_ArpChrdNylonGtr_06_714_user_slow.wav,0.1889623895535226,0.16187766808468787,-7.555509868,0,10.865895691609976,70
bloom-soft-guitar-flute-melody_130bpm_D_major.wav,0,0,0,0,46.04920634920635,100
bloom-soft-guitar-flute-melody_130bpm_D_major_user_fast.wav,5.394651295632757,2.304811939384619,6.799958881578959,-41,43.856371882086165,85
bloom-soft-guitar-flute-melody_130bpm_D_major_user_slow.wav,5.488020377100613,2.7366729286028364,-6.15234375,-26,48.47283446712018,70
bossa-nova-style-soft-guitar-melody_117bpm_A#_major.wav,0,0,0,0,12.819183673469388,100
bossa-nova-style-soft-guitar-melody_117bpm_A#_major_user_fast.wav,0.8836482741244647,0.2974584264544252,9.499942555147072,1,12.20875283446712,85
bossa-nova-style-soft-guitar-melody_117bpm_A#_major_user_slow.wav,0.20962459057697155,0.19127991988955648,-8.444393382,0,13.493877551020407,70
E_StrumAcGtr_01_714.wav,0,0,0,0,7.177278911564626,100
E_StrumAcGtr_01_714_user_fast.wav,0,0,-23.65203089,0,6.835510204081633,85
E_StrumAcGtr_01_714_user_slow.wav,0.023219955,0,-12.95230263,1,7.555011337868481,70
romantic-nylon-guitar-melody-early-spring_70bpm_E_major.wav,0,0,0,0,13.714285714285714,100
romantic-nylon-guitar-melody-early-spring_70bpm_E_major_user_fast.wav,0.8668783068783068,0.21593695395249923,0,-2,13.061224489795919,85
romantic-nylon-guitar-melody-early-spring_70bpm_E_major_user_slow.wav,0.3286768228418127,0.18826294786502445,-7.555509868,0,14.436099773242631,70
sad-acoustic-guitar-melody-let-go_167bpm_F_major.wav,0,0,0,0,11.497006802721089,100
sad-acoustic-guitar-melody-let-go_167bpm_F_major_user_fast.wav,0.28154195011337874,0.15905563003437584,5.1066884881422965,0,10.949523809523809,85
sad-acoustic-guitar-melody-let-go_167bpm_F_major_user_slow.wav,0.2822675736961452,0.17589301242070304,-4.681131114,1,12.102131519274376,70
warm-gentle-guitar-bright-loop_79bpm_D_major.wav,0,0,0,0,14.328390022675737,100
warm-gentle-guitar-bright-loop_79bpm_D_major_user_fast.wav,1.5574359825230906,1.2351894877447585,7.555509868421041,-18,13.64607709750567,85
warm-gentle-guitar-bright-loop_79bpm_D_major_user_slow.wav,1.3148868436263392,0.8934783635845992,-6.799958882,-8,15.08249433106576,70
